<?xml version="1.0" encoding="UTF-8"?>
<Settings>
	<GAME_DURATION>120</GAME_DURATION>
	<EXPLOSION_TIMEOUT>3000</EXPLOSION_TIMEOUT>
	<EXPLOSION_DURATION>1500</EXPLOSION_DURATION>
	<EXPLOSION_RANGE>1</EXPLOSION_RANGE>>
	<ROBOT_SPEED>1500</ROBOT_SPEED>>
	<POINTS_PER_ROBOT>3</POINTS_PER_ROBOT>>
	<POINTS_PER_OPPONENT>10</POINTS_PER_OPPONENT>
	<MAP_LAYOUT>
	    WWWWWWWWWWWWWWWWWWW
		W-1-----R----O----W
		WWOW-W-W-W-W-W-W-WW
		W-O--------R---2--W
		WWOWOW-W-W-W-WOW-WW
		W--O--------O-R---W
		WWOW-W-W-W-W-W-W-WW
		W-OOOO---3-------OW
		WWOWOWOWOW-W-W-W-WW
		W--OOOO--R--OOO---W
		WW-W-WOWOW-WOWOWOWW
		W------OOO--OOO-ORW
		WWWWWWWWWWWWWWWWWWW
	</MAP_LAYOUT>
</Settings>